"","day","mxpsd","max","fog","NUM_COLLISIONS"
"3092",3,20,52,0,0.340173749367867
"2810",4,19,46,0,0.948172341350291
"1776",5,15,46.9,0,1.3383803929211
"341",6,9.9,48.9,1,0.403695990321255
"4034",7,27,48.9,1,-0.158929572408749
"1696",1,15,43,0,1.36560421047255
"1063",2,13,43,0,0.902799312097871
"3761",3,24.1,43,0,1.32023118122013
"3595",4,22,42.1,0,1.92822977320256
"2253",5,17.1,50,0,1.93730437905304
"3472",6,21,53.1,1,1.18411209346287
"3964",7,26,55.9,1,0.748531012639644
"1074",1,13,57,0,1.51987250993078
"244",2,8.9,44.1,0,1.71043923279094
"1596",3,14,51.1,0,1.81025989714626
"4124",4,28.9,48.9,1,2.16416952531514
"4106",5,28.9,50,0,2.33658703647433
"2509",6,17.1,33.1,0,4.22410505337499
"3560",7,22,46.9,0,0.467218231274643
"3187",1,20,46.9,0,0.73945640678916
"1915",2,15.9,34,0,2.24584097796949
"101",3,8.9,34,0,1.63784238598707
"527",4,11.1,45,0,1.29300736366868
"26",5,8,46,1,1.95545359075401
"3202",6,20,48.9,0,0.675934165835773
"3051",7,19,51.1,1,0.812053253593032
"2788",1,18.1,51.1,0,1.30208196951916
"2340",2,17.1,45,0,0.866500888695936
"2330",3,17.1,43,0,1.69229002108997
"1680",4,15,37,0,1.96452819660449
"188",5,8.9,39.9,0,1.9010059556511
"953",6,12,44.1,0,0.911873917948355
"948",7,12,42.1,0,0.748531012639644
"1703",1,15,45,0,2.27306479552094
"1273",2,14,48,1,1.41097723972497
"1927",3,15.9,48,0,1.12058985250949
"3892",4,25.1,48.9,1,2.13694570776369
"4265",5,39,55.9,1,2.68142205879272
"4197",6,32.1,39,0,1.42912645142594
"1142",7,13,39.9,0,0.585188107330934
"3193",1,20,46.9,0,2.39103467157724
"344",2,9.9,48.9,1,1.35652960462207
"2698",3,18.1,48.9,0,1.17503748761239
"2338",4,17.1,45,0,1.77396147374433
"3876",5,25.1,45,0,2.93551102260627
"2321",6,17.1,39,0,1.19318669931336
"2879",7,19,43,0,0.712232589237709
"1272",1,14,48,0,0.27665150841448
"3077",2,20,48,0,1.08429142910755
"2242",3,17.1,48,0,1.52894711578126
"2407",4,17.1,46.9,0,1.26578354611723
"2784",5,18.1,33.1,0,1.77396147374433
"3136",6,20,43,0,0.893724706247387
"702",7,12,48,0,0.757605618490128
"456",1,11.1,50,1,1.67414080938901
"105",2,8.9,50,1,1.98267740830546
"703",3,12,48,1,1.27485815196771
"4102",4,28,51.1,1,2.47270612423159
"4050",5,27,51.1,0,2.00990122585691
"2955",6,19,39.9,0,1.3383803929211
"2623",7,18.1,39,0,1.03891839985513
"2821",1,19,48,0,2.30936321892288
"3082",2,20,50,1,2.19139334286659
"3992",3,26,51.1,1,2.10064728436175
"2793",4,18.1,51.1,0,2.00082662000643
"3936",5,26,50,0,3.30756986247611
"4271",6,41,48.9,1,1.87378213809965
"3190",7,20,46.9,0,0.902799312097871
"2557",1,18.1,50,0,2.15509491946465
"2263",2,17.1,52,0,1.2839327578182
"2572",3,18.1,52,0,1.49264869237933
"1251",4,13,51.1,0,1.3383803929211
"3493",5,22,52,1,2.20046794871707
"3630",6,22.9,52,1,0.567038895629966
"1619",7,15,50,0,0.204054661610609
"1608",1,15,46,0,0.630561136583353
"2571",2,18.1,52,1,0.594262713181418
"458",3,11.1,52,0,-0.0954073314553612
"4004",4,27,50,1,0.27665150841448
"2838",5,19,52,1,-0.0228104846514897
"3499",6,22,54,0,-0.639883682484397
"2701",7,18.1,37.9,0,-1.53826966168231
"3982",1,26,44.1,0,-0.757853558540688
"4060",2,28,48,0,-0.975644098952303
"2550",3,18.1,48,0,-1.27510609201827
"3682",4,22.9,46.9,0,-1.10268858085908
"2646",5,18.1,59,0,-1.03009173405521
"306",6,9.9,59,0,-1.13898700426101
"3726",7,22.9,53.1,0,-1.47474742072892
"3198",1,20,48.9,0,-1.31140451542021
"3199",2,20,48.9,0,-1.36585215052311
"3911",3,25.1,44.1,0,-1.39307596807456
"3870",4,25.1,45,0,-1.29325530371924
"4227",5,34,45,0,-1.06639015745714
"3944",6,26,45,0,-1.38400136222408
"106",7,8.9,50,0,-1.94662692495408
"1362",1,14,55,0,-1.64716493188811
"1801",2,15,57.9,0,-1.62901572018715
"1483",3,14,57.9,0,-1.66531414358908
"4140",4,28.9,51.1,1,-1.86495547229973
"4169",5,29.9,51.1,0,-1.75606020209392
"3462",6,21,51.1,0,-1.70161256699102
"1902",7,15,53.1,0,-1.83773165474828
"4262",1,39,57,0,-1.54734426753279
"4119",2,28.9,57,0,-1.57456808508424
"1270",3,14,48,0,-1.53826966168231
"2264",4,17.1,52,0,-1.54734426753279
"3627",5,22.9,52,0,-1.3749267563736
"3685",6,22.9,46.9,0,-1.66531414358908
"3750",7,24.1,52,0,-1.87403007815021
"2834",1,19,52,0,-1.52919505583182
"3752",2,24.1,52,0,-1.70161256699102
"4168",3,29.9,51.1,0,-1.45659820902795
"2948",4,19,48.9,0,-1.81958244304731
"3624",5,22.9,50,0,-1.23880766861634
"1715",6,15,59,0,-1.42029978562602
"3532",7,22,59,0,-1.52919505583182
"4005",1,27,52,1,-1.61086650848618
"4171",2,31.1,50,0,-1.12083779256005
"800",3,12,55,0,-1.55641887338327
"3524",4,22,55,0,-1.22973306276585
"3967",5,26,55.9,1,-1.11176318670956
"3353",6,21,61,1,-1.08453936915811
"2043",7,15.9,61,0,-1.28418069786876
"2126",1,15.9,69.1,0,-1.22065845691537
"2973",2,19,69.1,0,-1.22065845691537
"1368",3,14,57,0,-1.12991239841053
"2020",4,15.9,55,0,-1.21158385106488
"2715",5,18.1,55.9,0,-1.19343463936392
"4088",6,28,55.9,0,-1.45659820902795
"3941",7,26,54,0,-1.32047912127069
"3897",1,25.1,57.9,0,-1.22973306276585
"3695",2,22.9,57.9,0,-1.06639015745714
"3768",3,24.1,55,0,-0.875823434596979
"2194",4,15.9,60.1,0,-1.24788227446682
"1591",5,14,62.1,0,-0.603585259082461
"2930",6,19,70,0,-0.83045040534456
"463",7,11.1,54,0,-1.24788227446682
"307",1,9.9,61,0,-1.12083779256005
"3782",2,24.1,61,0,-0.721555135138752
"2030",3,15.9,57,0,-1.05731555160666
"1073",4,13,57,0,-0.875823434596979
"1956",5,15.9,64,0,-0.403943930371815
"3473",6,21,66.2,1,-1.04824094575617
"2663",7,18.1,66,0,-1.01194252235424
"1388",1,14,66,0,-0.857674222896011
"78",2,8,69.1,1,-0.766928164391172
"197",3,8.9,69.1,1,-0.630809076633913
"1220",4,13,66.9,1,-0.903047252148431
"2166",5,15.9,66.9,1,-0.458391565474718
"2278",6,17.1,64,1,-0.748778952690204
"3431",7,21,66.9,0,-0.912121857998915
"3018",1,19,66.9,0,-1.02101712820472
"681",2,11.1,62.1,0,-1.01194252235424
"1866",3,15,66.9,0,-0.839525011195044
"1204",4,13,73.9,0,-0.57636144153101
"642",5,11.1,73.9,1,-0.549137623979558
"1188",6,13,64.9,1,-0.422093142072783
"2670",7,18.1,66,1,-0.930271069699883
"489",1,11.1,73,0,-0.667107500035849
"124",2,8.9,73,0,-0.521913806428106
"732",3,12,72,1,-0.639883682484397
"2926",4,19,70,1,-0.521913806428106
"1098",5,13,70,1,-0.285974054315524
"1406",6,14,70,1,-0.240601025063104
"3176",7,20,70,0,-0.730629740989236
"2915",1,19,63,0,-0.776002770241656
"2725",2,18.1,69.1,0,-0.449316959624235
"896",3,12,71.1,0,-0.585436047381493
"208",4,8.9,71.1,1,-0.748778952690204
"756",5,12,73,1,-0.0228104846514897
"1851",6,15,73.9,1,-0.567286835680526
"235",7,8.9,75.9,1,-0.57636144153101
"88",1,8,75.9,0,-0.122631149006813
"662",2,11.1,75.9,1,-0.158929572408749
"1179",3,13,71.1,1,-0.0772581197543933
"1035",4,13,77,0,-0.521913806428106
"762",5,12,77,0,0.258502296713512
"1022",6,13,73,0,-0.322272477717459
"1659",7,15,73,0,-0.621734470783429
"1542",1,14,73.9,1,-0.0681835139039094
"640",2,11.1,73.9,0,-0.27689944846504
"274",3,9.9,73,1,-0.449316959624235
"1116",4,13,75,1,0.285726114264964
"2609",5,18.1,77,1,-0.0591089080534255
"1041",6,13,77,1,-0.27689944846504
"493",7,11.1,73,1,-0.168004178259233
"2932",1,19,75,1,-0.467466171325202
"837",2,12,75,0,-0.594510653231977
"1198",3,13,73.9,0,-0.376720112820363
"620",4,11.1,78.1,0,0.0407117563018978
"1822",5,15,78.1,1,-0.113556543156329
"2480",6,17.1,75.9,1,-0.313197871866976
"1990",7,15.9,77,1,-0.149854966558265
"505",1,11.1,77,1,-0.168004178259233
"1769",2,15,79,1,0.104233997255285
"2938",3,19,79,0,-0.367645506969879
"1402",4,14,70,0,0.122383208956253
"901",5,12,71.1,0,-0.00466127295052188
"418",6,9.9,75.9,1,0.0679355738533496
"735",7,12,72,1,0.0407117563018978
"1231",1,13,75.9,1,-0.249675630913588
"485",2,11.1,88,1,0.204054661610609
"487",3,11.1,88,1,-0.168004178259233
"1411",4,14,82,1,0.213129267461092
"522",5,11.1,81,1,0.0316371504514138
"595",6,11.1,80.1,1,-0.158929572408749
"2391",7,17.1,82,0,0.0407117563018978
"2157",1,15.9,84.9,1,0.104233997255285
"1540",2,14,84.9,0,-0.0954073314553612
"651",3,11.1,82.9,0,0.0860847855543174
"1223",4,13,82.9,1,-0.0772581197543933
"880",5,12,80.1,1,0.312949931816416
"652",6,11.1,82.9,1,0.603337319031902
"1868",7,15,82.9,1,-0.204302601661168
"1751",1,15,82,1,0.403695990321255
"3794",2,24.1,82,1,1.29300736366868
"2316",3,17.1,81,0,0.331099143517384
"632",4,11.1,84.9,1,0.430919807872707
"914",5,12,84.9,1,0.258502296713512
"234",6,8.9,75.9,1,-0.440242353773751
"894",7,12,78.1,0,-0.23152641921262
"1811",1,15,80.1,0,0.104233997255285
"786",2,12,81,0,0.0770101797038335
"1054",3,13,81,1,-0.140780360707781
"1110",4,13,86,1,-0.304123266016492
"1758",5,15,86,0,0.3220245376669
"3425",6,21,84.9,1,0.0407117563018978
"3019",7,19,75.9,0,-0.267824842614556
"3973",1,26,71.1,0,-0.186153389960201
"2182",2,15.9,75.9,0,0.0225625446009299
"619",3,11.1,78.1,1,-0.204302601661168
"293",4,9.9,81,0,-0.0228104846514897
"1664",5,15,77,0,0.358322961068835
"789",6,12,81,0,0.176830844059157
"518",7,11.1,81,1,0.0679355738533496
"196",1,8.9,80.1,1,0.104233997255285
"2314",2,17.1,81,1,-0.204302601661168
"3128",3,20,81,0,0.013487938750446
"492",4,11.1,73,0,0.312949931816416
"893",5,12,78.1,0,-0.0228104846514897
"2135",6,15.9,78.1,1,-0.158929572408749
"3438",7,21,75.9,0,-0.0500343022029415
"1561",1,14,75.9,0,-0.131705754857297
"1982",2,15.9,73,0,0.258502296713512
"1328",3,14,73,0,0.00441333289996205
"752",4,12,73,1,0.494442048826094
"782",5,12,81,1,0.675934165835773
"1339",6,14,81,0,0.48536744297561
"942",7,12,75.9,0,-0.140780360707781
"1431",1,14,75,0,-0.122631149006813
"44",2,8,77,1,0.258502296713512
"46",3,8,77,1,-0.149854966558265
"13",4,7,77,1,0.349248355218351
"3551",5,22,75,1,0.385546778620287
"2859",6,19,73,0,-0.0409596963524576
"1650",7,15,72,0,-0.57636144153101
"3180",1,20,75,0,-0.177078784109717
"3182",2,20,75,0,-0.0681835139039094
"1167",3,13,69.1,0,-0.0137358788010058
"270",4,9.9,73,0,0.122383208956253
"3645",5,22.9,73,0,0.294800720115448
"3433",6,21,66.9,0,0.194980055760125
"3165",7,20,63,0,-0.304123266016492
"3674",1,22.9,63,0,0.013487938750446
"4092",2,28,64.9,0,-0.0137358788010058
"2741",3,18.1,71.1,0,0.430919807872707
"940",4,12,75.9,0,-0.104481937305845
"422",5,9.9,75.9,1,0.358322961068835
"125",6,8.9,73,1,0.194980055760125
"495",7,11.1,73,1,0.0588609680028656
"1030",1,13,73,0,-0.0772581197543933
"32",2,8,68,1,0.0770101797038335
"4027",3,27,70,1,0.349248355218351
"2385",4,17.1,70,0,0.213129267461092
"2675",5,18.1,70,1,0.376472172769803
"34",6,8,68,0,0.131457814806737
"546",7,11.1,66,0,-0.358570901119395
"1370",1,14,59,0,-0.0591089080534255
"719",2,12,64,0,0.149607026507705
"4026",3,27,70,0,-0.00466127295052188
"3501",4,22,64,0,0.213129267461092
"2343",5,17.1,55,0,0.194980055760125
"3367",6,21,70,0,-0.285974054315524
"2845",7,19,64,0,-0.549137623979558
"2470",1,17.1,57.2,0,0.131457814806737
"2997",2,19,64.4,0,0.131457814806737
"2058",3,15.9,66,0,0.222203873311576
"1384",4,14,66,1,0.0225625446009299
"1399",5,14,70,0,-0.0409596963524576
"4160",6,29.9,63,0,0.240353085012544
"808",7,12,61,0,-0.0318850905019737
"52",1,8,63,0,-0.295048660166008
"254",2,9.9,64,1,0.249427690863028
"33",3,8,68,1,0.267576902563996
"478",4,11.1,72,1,-0.403943930371815
"471",5,11.1,68,1,0.258502296713512
"721",6,12,64,0,-0.0681835139039094
"3343",7,21,55,0,-0.249675630913588
"1717",1,15,59,0,0.0497863621523817
"2363",2,17.1,61,1,-0.422093142072783
"2366",3,17.1,61,0,0.00441333289996205
"2469",4,17.1,57.2,0,0.23127847916206
"4105",5,28.9,50,0,0.775754830191096
"2246",6,17.1,48,0,0.23127847916206
"2368",7,17.1,61,0,-0.00466127295052188
"3618",1,22.9,46,0,0.167756238208673
"3743",2,24.1,48,0,-0.213377207511652
"1065",3,13,55,0,-0.0591089080534255
"1186",4,13,64.9,0,0.439994413723191
"1839",5,15,64.9,1,0.512591260527062
"2289",6,17.1,68,1,0.185905449909641
"375",7,9.9,71.1,0,0.158681632358189
"209",1,8.9,71.1,1,0.0860847855543174
"998",2,13,68,1,0.312949931816416
"817",3,12,66,0,-0.0772581197543933
"3706",4,22.9,64.9,1,0.167756238208673
"1838",5,15,64.9,0,0.748531012639644
"3152",6,20,55,0,-0.0954073314553612
"2344",7,17.1,55,0,-0.521913806428106
"3883",1,25.1,61,0,-0.0318850905019737
"1893",2,15,62.1,0,-0.431167747923267
"3310",3,21,54,0,-0.122631149006813
"3725",4,22.9,51.1,0,-0.267824842614556
"3987",5,26,62.1,0,0.449069019573675
"2753",6,18.1,64.9,0,0.0497863621523817
"2155",7,15.9,64.9,0,-0.78507737609214
"3543",1,22,61,1,-0.0954073314553612
"3541",2,22,61,0,0.140532420657221
"2714",3,18.1,55.9,0,-0.295048660166008
"2115",4,15.9,57.9,0,-0.957494887251335
"960",5,12,62.1,1,-0.267824842614556
"247",6,8.9,62.1,1,-0.630809076633913
"1364",7,14,55,0,-0.549137623979558
"3900",1,25.1,57.9,0,-0.0681835139039094
"4230",2,34,63,1,-0.358570901119395
"3673",3,22.9,63,0,-0.667107500035849
"2562",4,18.1,52,0,-0.512839200577622
"2648",5,18.1,59,0,0.57611350148045
"4202",6,32.1,59,0,-0.27689944846504
"4014",7,27,41,0,-0.612659864932945
"2490",1,17.1,42.1,0,-0.249675630913588
"3709",2,22.9,39.2,0,-0.240601025063104
"1235",3,13,44.1,0,-0.258750236764072
"2240",4,17.1,48,0,0.0225625446009299
"712",5,12,54,0,0.358322961068835
"1482",6,14,57.9,1,-0.213377207511652
"2900",7,19,59,1,-0.394869324521331
"802",1,12,57,0,-0.53098841227859
"3071",2,20,46,0,0.0588609680028656
"1794",3,15,39.9,0,0.294800720115448
"4231",4,34,46.9,0,-0.685256711736817
"3889",5,25.1,46.9,0,-0.27689944846504
"1792",6,15,39.9,0,-0.521913806428106
"343",7,9.9,48.9,0,-1.03916633990569
"1134",1,13,48.9,0,-0.367645506969879
"3072",2,20,46,0,0.104233997255285
"3483",3,22,46,0,0.467218231274643
"3055",4,19,53.1,0,0.0588609680028656
"4080",5,28,59,1,-1.27510609201827
"4023",6,27,59,0,-0.748778952690204
"1883",7,15,44.1,0,-1.12991239841053
"1285",1,14,52,0,-0.83045040534456
"2837",2,19,52,0,-0.585436047381493
"2818",3,19,48,0,-0.639883682484397
"3842",4,24.1,53.6,0,-0.27689944846504
"1297",5,14,54,0,-0.972205697923516
"3727",6,22.9,53.1,1,-1.75634556596324
"3056",7,19,53.1,0,-2.47690652578352
"3444",1,21,44.1,0,-1.2901002390207
"3026",2,19,44.1,0,-1.58680181071141
"3571",3,22,39.9,0,-1.75634556596324
"2327",4,17.1,41,0,-0.378802554542106
"1061",5,13,41,0,-0.654311156826332
"2621",6,18.1,37,0,-1.24771430020774
"2622",7,18.1,39,0,-2.66764325044183
"243",1,8.9,44.1,0,-1.37487211664662
"954",2,12,44.1,0,-0.50596037098098
"427",3,9.9,42.1,0,-1.22652133080126
"450",4,11.1,46,0,-1.05697757554943
"446",5,11.1,46,0,-0.654311156826332
"3840",6,24.1,53.1,0,-0.802661942671685
"4142",7,28.9,53.1,0,-1.96827526002803
"3518",1,22,45,0,-1.65038071893084
"2013",2,15.9,45,0,-0.8874338202976
"2323",3,17.1,41,0,-1.05697757554943
"2325",4,17.1,41,0,-1.09936351436239
"950",5,12,44.1,0,-1.03578460614295
"3030",6,19,44.1,0,-1.09936351436239
"3917",7,25.1,35.1,0,-1.92588932121507
"2806",1,19,34,0,-0.908626789704079
"868",2,12,37.9,0,-0.845047881484642
"796",3,12,41,0,-0.866240850891121
"3329",4,21,41,0,-0.866240850891121
"4009",5,27,37,0,-0.251644738103232
"3996",6,27,23,0,-0.399995523948585
"1530",7,14,28.9,0,-0.124486921664359
"4017",1,27,41,0,-1.35367914724014
"4071",2,28,43,1,-1.37487211664662
"2011",3,15.9,43,0,-1.20532836139478
"1141",4,13,37.9,0,-0.548346309793937
"2193",5,15.9,44.1,0,0.49010919112353
"3249",6,20,44.1,0,-0.590732248606895
"4135",7,28.9,44.1,1,-1.26890726961422
"3845",1,25.1,34,0,-0.039715044038443
"698",2,12,34,1,-1.56560884130493
"2234",3,17.1,34,0,-0.50596037098098
"211",4,8.9,28.9,0,-0.0821009828514009
"3062",5,20,28,0,-0.272837707509711
"974",6,13,32,0,-1.96827526002803
"1140",7,13,37.9,0,-2.51929246459648
"794",1,12,39,0,-2.01066119884098
"3090",2,20,50,1,-1.90469635180859
"2825",3,19,50,0,-1.35367914724014
"298",4,9.9,37,1,-0.993398667329995
"3732",5,22.9,35.6,0,-2.13781901527986
"3064",6,20,34,0,-0.972205697923516
"3414",7,21,30.9,0,-2.01066119884098
"2876",1,19,43,0,-1.22652133080126
"3447",2,21,44.1,0,-1.33248617783366
"1923",3,15.9,46,0,-0.760276003858727
"3289",4,21,48,0,-0.717890065045769
"1618",5,15,48,0,-0.039715044038443
"3197",6,20,46.9,0,-1.6927666577438
"2333",7,17.1,45,0,-1.92588932121507
"4297",1,NA,46,0,-1.67157368833732
"3648",2,22.9,39,0,-0.739083034452248
"4260",3,39,43,0,-1.24771430020774
"4312",4,NA,41,0,-0.866240850891121
"4293",5,NA,34,0,0.0662498029939516
"4294",6,NA,34,0,-1.09936351436239
"4292",7,NA,32,0,-1.84111744358915
"4311",1,NA,39,0,-1.12055648376887
"4298",2,NA,48,0,-0.0821009828514009
"4317",3,NA,45,0,-1.67157368833732
"4301",4,NA,50,0,-0.336416615729148
"4319",5,NA,55,0,0.744424824001277
"4291",6,53,45,0,-1.07817054495591
"4287",7,53,46,0,-1.24771430020774
"4286",1,53,27,0,-1.05697757554943
"4295",2,NA,34,0,-1.39606508605309
"4316",3,NA,43,0,-1.26890726961422
"4315",4,NA,43,0,-1.24771430020774
"4015",5,27,41,0,0.129828711213388
"4314",6,NA,43,0,-0.421188493355064
"4296",7,NA,46,0,-0.8874338202976
"4305",1,NA,54,0,-0.166872860477317
"4321",2,NA,59,0,-0.421188493355064
"4306",3,NA,54,0,-0.739083034452248
"4320",4,NA,59,1,-0.972205697923516
"3101",5,20,54,1,0.70203888518832
"4304",6,NA,54,0,0.468916221717051
"4289",7,53,52,1,-2.22259089290577
"4288",1,53,52,1,-1.33248617783366
"4299",2,NA,48,0,-0.463574432168022
"4318",3,NA,55,0,-0.399995523948585
"4303",4,NA,54,1,-0.845047881484642
"2007",5,15.9,43,0,-0.421188493355064
"4313",6,NA,41,0,-0.463574432168022
"4302",7,NA,52,0,-0.929819759110558
"4300",1,NA,50,0,-0.739083034452248
"4290",2,53,52,0,0.320565435871699
"4323",3,NA,62.6,0,0.00267089477451484
"3100",4,20,54,0,0.151021680619867
"955",5,12,60.1,1,-0.463574432168022
"1584",6,14,60.1,1,-0.188065829883796
"3097",7,20,54,1,-1.86231041299563
"3311",1,21,54,0,-0.823854912078164
"3753",2,24.1,52,0,0.384144344091136
"464",3,11.1,54,0,-0.166872860477317
"2575",4,18.1,54,0,-0.69669709563929
"4086",5,28,48.9,0,-0.10329395225788
"3381",6,21,48.9,0,-0.802661942671685
"1706",7,15,55,0,-0.951012728517037
"537",1,11.1,61,0,0.362951374684657
"2045",2,15.9,61,1,0.214600588839304
"2359",3,17.1,59,0,-0.421188493355064
"4022",4,27,59,0,-1.07817054495591
"3920",5,25.1,53.1,0,1.14709124272438
"2653",6,18.1,61,0,-0.039715044038443
"3884",7,25.1,61,0,-0.633118187419853
"3399",1,21,57.9,0,-0.060908013444922
"3214",2,20,57.9,0,-0.633118187419853
"1080",3,13,61,1,1.63452953907339
"308",4,9.9,61,1,0.447723252310572
"3720",5,22.9,62.1,1,0.596074038155925
"3833",6,24.1,62.1,0,0.320565435871699
"3251",7,20,60.1,0,0.574881068749446
"2164",1,15.9,66.9,0,0.278179497058741
"3822",2,24.1,66.9,1,0.89277560984663
"1075",3,13,57,1,0.765617793407756
"2277",4,17.1,64,0,0.765617793407756
"2276",5,17.1,64,0,0.341758405278178
"2196",6,15.9,60.1,0,0.0450568335874727
"2638",7,18.1,57,0,-0.781468973265206
"1711",1,15,57,0,-0.50596037098098
"3253",2,20,60.1,0,0.49010919112353
"3039",3,19,60.1,0,0.553688099342967
"1090",4,13,66,0,0.320565435871699
"744",5,12,73,0,2.29151159067424
"497",6,11.1,73,0,0.384144344091136
"758",7,12,73,0,0.723231854594799
"1095",1,13,70,0,0.362951374684657
"2387",2,17.1,70,0,1.50737172263452
"1818",3,15,69.1,0,0.935161548659588
"887",4,12,69.1,0,1.74049438610579
"435",5,9.9,62.1,1,1.71930141669931
"2373",6,17.1,63,1,1.59214360026043
"3680",7,22.9,82,0,0.574881068749446
"3357",1,21,63,0,0.405337313497615
"2658",2,18.1,63,0,1.08351233450494
"3420",3,21,64.9,1,0.638459976968883
"2177",4,15.9,75.9,0,2.75775691761678
"2484",5,17.1,75.9,0,1.16828421213086
"4182",6,31.1,61,0,-1.2901002390207
"2844",7,19,54,1,-0.993398667329995
"1719",1,15,61,1,-0.590732248606895
"1221",2,13,66.9,0,1.10470530391142
"1308",3,14,68,0,0.765617793407756
"1000",4,13,68,1,-0.315223646322669
"1896",5,15,62.6,1,0.596074038155925
"2215",6,15.9,66.2,1,1.31663499797621
"1846",7,15,84.9,0,1.35902093678917
"1501",1,14,69.1,1,1.65572250847987
"1307",2,14,68,1,1.10470530391142
"785",3,12,81,1,1.06231936509846
"2868",4,19,81,0,1.4225998450086
"2758",5,18.1,73.9,0,0.850389671033672
"1743",6,15,70,0,0.511302160530009
"824",7,12,70,0,0.574881068749446
"1317",1,14,72,1,0.553688099342967
"755",2,12,73,1,1.40140687560212
"3181",3,20,75,0,1.4225998450086
"565",4,11.1,75,1,1.80407329432522
"1120",5,13,75,0,1.78288032491875
"1850",6,15,73.9,0,1.46498578382156
"1043",7,13,77,0,0.426530282904093
"1040",1,13,77,1,1.23186312035029
"2485",2,17.1,75.9,1,-0.272837707509711
"1875",3,15,75.9,0,1.06231936509846
"1325",4,14,73,0,1.71930141669931
"844",5,12,75,1,1.65572250847987
"841",6,12,75,1,1.528564692041
"1674",7,15,77,1,0.638459976968883
"2438",1,17.1,78.1,0,1.61333656966691
"2434",2,17.1,80.1,0,0.998740456879025
"2734",3,18.1,78.1,0,1.23186312035029
"1121",4,13,79,1,0.341758405278178
"2685",5,18.1,79,1,0.638459976968883
"3006",6,19,73.9,0,-0.251644738103232
"1313",7,14,68,0,-0.29403067691619
"361",1,9.9,69.1,0,0.405337313497615
"2481",2,17.1,75.9,0,0.49010919112353
"2677",3,18.1,82,0,0.447723252310572
"658",4,11.1,75.9,1,0.0450568335874727
"4219",5,33,75,1,0.913968579253109
"1512",6,14,78.1,1,-0.209258799290274
"324",7,9.9,75,1,-0.845047881484642
"2119",1,15.9,80.1,1,0.00267089477451484
"1154",2,13,80.1,1,-0.10329395225788
"414",3,9.9,75.9,1,0.596074038155925
"282",4,9.9,77,1,1.46498578382156
"1037",5,13,77,1,0.998740456879025
"599",6,11.1,80.1,1,0.765617793407756
"1492",7,14,80.1,1,0.151021680619867
"1153",1,13,80.1,1,0.532495129936488
"649",2,11.1,82.9,1,-0.357609585135627
"405",3,9.9,82.9,1,0.574881068749446
"1752",4,15,82,0,0.553688099342967
"550",5,11.1,82,0,0.447723252310572
"831",6,12,82,1,0.723231854594799
"1753",7,15,82,0,0.405337313497615
"1320",1,14,84,1,1.18947718153734
"486",2,11.1,88,1,0.320565435871699
"1979",3,15.9,88,0,-0.060908013444922
"1992",4,15.9,77,0,0.341758405278178
"2866",5,19,81,0,1.69810844729283
"2617",6,18.1,81,0,1.06231936509846
"131",7,8.9,77,0,0.00267089477451484
"2402",1,17.1,79,0,0.468916221717051
"67",2,8,79,1,0.214600588839304
"1562",3,14,75.9,0,-0.251644738103232
"3795",4,24.1,75,0,0.0238638641809938
"1332",5,14,77,1,1.10470530391142
"1518",6,14,78.1,1,0.659652946375362
"610",7,11.1,89.1,0,0.235793558245783
"2131",1,15.9,89.1,0,0.765617793407756
"1768",2,15,79,1,0.596074038155925
"1443",3,14,79,1,0.278179497058741
"1996",4,15.9,81,1,0.447723252310572
"738",5,12,84,1,1.16828421213086
"905",6,12,87.1,1,-0.0185220746319641
"1526",7,14,87.1,0,0.235793558245783
"57",1,8,82,0,-0.039715044038443
"602",2,11.1,80.1,0,-0.357609585135627
"521",3,11.1,81,0,0.659652946375362
"1995",4,15.9,81,0,-0.357609585135627
"1976",5,15.9,84,0,0.468916221717051
"266",6,9.9,84,1,0.384144344091136
"3712",7,22.9,82.9,0,-0.972205697923516
"783",1,12,81,1,-0.209258799290274
"2173",2,15.9,82.9,0,0.617267007562404
"611",3,11.1,89.1,0,0.70203888518832
"612",4,11.1,89.1,0,0.850389671033672
"426",5,9.9,91.9,1,0.977547487472546
"3010",6,19,73.9,0,0.00267089477451484
"416",7,9.9,75.9,0,1.16828421213086
"1103",1,13,82,1,0.426530282904093
"627",2,11.1,87.1,1,0.151021680619867
"625",3,11.1,87.1,0,0.341758405278178
"3813",4,24.1,80.1,0,1.31663499797621
"763",5,12,77,0,1.04112639569198
"1508",6,14,78.1,0,0.808003732220714
"614",7,11.1,78.1,0,-0.209258799290274
"2187",1,15.9,75.9,0,-0.0821009828514009
"1172",2,13,78.1,0,0.723231854594799
"851",3,12,79,0,0.659652946375362
"1437",4,14,79,0,-0.188065829883796
"1515",5,14,78.1,0,1.04112639569198
"1821",6,15,78.1,0,0.638459976968883
"3410",7,21,78.1,0,0.384144344091136
"2939",1,19,79,0,1.59214360026043
"857",2,12,79,0,0.829196701627193
"1825",3,15,78.1,0,1.1258982733179
"3377",4,21,79,0,-0.717890065045769
"1034",5,13,77,0,1.528564692041
"2308",6,17.1,77,0,0.341758405278178
"3125",7,20,77,0,0.320565435871699
"749",1,12,73,0,0.29937246646522
"935",2,12,75.9,0,0.172214650026346
"4322",3,NA,75.9,0,-0.29403067691619
"4308",4,NA,77,0,0.341758405278178
"1820",5,15,78.1,0,1.69810844729283
"1668",6,15,77,1,1.16828421213086
"2305",7,17.1,77,1,0.235793558245783
"2394",1,17.1,75,0,0.468916221717051
"2606",2,18.1,77,0,-0.145679891070838
"2611",3,18.1,77,0,0.850389671033672
"1165",4,13,69.1,0,0.871582640440151
"1218",5,13,66.9,0,1.74049438610579
"2985",6,19,71.1,0,0.977547487472546
"1432",7,14,75,0,0.532495129936488
"1762",1,15,75,0,-0.272837707509711
"2763",2,18.1,66.9,0,0.320565435871699
"2144",3,15.9,71.1,0,-0.69669709563929
"5",4,7,72,0,1.38021390619565
"728",5,12,72,0,1.23186312035029
"2293",6,17.1,72,0,-0.739083034452248
"2291",7,17.1,68,0,-0.717890065045769
"2671",1,18.1,70,0,-0.124486921664359
"128",2,8.9,73,0,0.384144344091136
"9",3,7,73,1,0.193407619432825
"264",4,9.9,72,1,1.06231936509846
"263",5,9.9,72,1,1.65572250847987
"1658",6,15,73,0,0.765617793407756
"3324",7,21,73,0,0.341758405278178
"2730",1,18.1,69.1,0,0.320565435871699
"3166",2,20,63,0,-0.0185220746319641
"1971",3,15.9,72,0,1.31663499797621
"1011",4,13,72,0,1.44379281441508
"1972",5,15.9,72,0,1.65572250847987
"737",6,12,72,0,0.193407619432825
"2156",7,15.9,64.9,0,-1.41725805545957
"3547",1,22,70,0,0.574881068749446
"3888",2,25.1,70,0,0.426530282904093
"4281",3,46,64.4,0,0.426530282904093
"4228",4,34,55,0,0.871582640440151
"1710",5,15,57,0,1.14709124272438
"3235",6,20,64.4,0,1.04112639569198
"3429",7,21,66.9,0,1.25305608975677
"1864",1,15,66.9,0,0.596074038155925
"629",2,11.1,64.9,0,-0.569539279200416
"1479",3,14,57.9,0,0.384144344091136
"147",4,8.9,55,0,0.29937246646522
"2886",5,19,55,0,1.76168735551227
"2",6,6,55,0,0.680845915781841
"1468",7,14,55.9,0,-0.802661942671685
"3667",1,22.9,59,0,0.553688099342967
"1383",2,14,63,1,0.511302160530009
"1386",3,14,66,1,0.913968579253109
"159",4,8.9,66,0,-0.209258799290274
"4189",5,31.1,64.9,0,1.06231936509846
"3424",6,21,64.9,1,0.680845915781841
"3834",7,24.1,62.1,0,-0.717890065045769
"2348",1,17.1,57,0,0.850389671033672
"3154",2,20,57,0,0.256986527652262
"1900",3,15,51.1,0,0.29937246646522
"1957",4,15.9,64,0,1.0199334262855
"2584",5,18.1,64,0,0.977547487472546
"2506",6,17.1,62.1,0,0.0450568335874727
"1480",7,14,57.9,0,-0.633118187419853
"3348",1,21,59,0,0.235793558245783
"3158",2,20,59,0,0.786810762814235
"3284",3,21,46,0,1.38021390619565
"2346",4,17.1,57,0,-1.81992447418267
"3660",5,22.9,57,0,-0.8874338202976
"3841",6,24.1,53.1,0,-0.823854912078164
"1353",7,14,45,0,-0.675504126232811
"2548",1,18.1,48,0,0.426530282904093
"2245",2,17.1,48,0,-0.442381462761543
"1254",3,13,51.1,0,-0.781468973265206
"1478",4,14,57.9,0,0.341758405278178
"3218",5,20,57.9,0,0.850389671033672
"588",6,11.1,55.9,0,-0.527153340387458
"1459",7,14,48.9,0,-1.01459163673647
"3164",1,20,61,0,0.89277560984663
"4122",2,28.9,61,0,0.384144344091136
"804",3,12,59,0,-0.336416615729148
"3191",4,20,46.9,0,-0.421188493355064
"688",5,11.1,51.1,0,-0.039715044038443
"3830",6,24.1,60.1,1,0.0874427724004306
"4137",7,28.9,62.1,0,-0.781468973265206
"3038",1,19,60.1,0,-0.0185220746319641
"2570",2,18.1,52,0,0.405337313497615
"2516",3,17.1,51.1,0,-0.378802554542106
"2961",4,19,55.9,0,0.29937246646522
"2909",5,19,61,0,0.0450568335874727
"1082",6,13,61,0,0.596074038155925
"3861",7,25.1,54,1,-0.251644738103232
"3568",1,22,37.9,0,-0.230451768696753
"3290",2,21,48,0,-0.993398667329995
"3531",3,22,59,0,-0.527153340387458
"3331",4,21,41,0,-0.0185220746319641
"793",5,12,37,0,-0.463574432168022
"708",6,12,50,0,-2.41332761756408
"3852",7,25.1,50,1,-2.47690652578352
"3025",1,19,44.1,0,-2.03185416824746
"1452",2,14,48.9,0,-1.73515259655676
"342",3,9.9,48.9,0,-2.34974870934465
"440",4,9.9,51.1,0,-1.6927666577438
"99",5,8,51.1,0,-1.50202993308549
"461",6,11.1,54,1,-0.0469247673441043
"2018",7,15.9,55,1,-3.05739682929223
"3878",1,25.1,55,1,-2.23901607458789
"4013",2,27,41,0,-0.865305522048449
"3730",3,22.9,53.1,0,0.625316566877322
"2525",4,17.1,53.1,0,-1.50831897217329
"3610",5,22,51.1,0,0.333037725911484
"3132",6,20,41,0,-1.42063531988354
"3858",7,25.1,52,0,-1.47909108807671
"3494",1,22,52,0,-0.573026681082612
"3818",2,24.1,28.9,0,-0.806849753855282
"3877",3,25.1,45,0,-1.01144494253137
"1616",4,15,48,0,-0.485343028792861
"4267",5,40,48.9,0,0.128442537235398
"4216",6,33,37,0,-1.42063531988354
"2512",7,17.1,35.1,0,-0.543798796986028
"4241",1,35.9,54,0,-2.3851554950708
"3940",2,26,54,0,-0.777621869758698
"2695",3,18.1,48.9,0,-0.865305522048449
"2095",4,15.9,48.9,0,-1.1283564789177
"3383",5,21,48.9,0,0.0992146531388144
"3047",6,19,35.1,1,-0.514570912889444
"2708",7,18.1,39.9,0,-1.62523050855963
"870",1,12,39.9,0,-1.36217955169037
"1786",2,15,48.9,0,-1.44986320398012
"2416",3,17.1,48.9,0,-0.543798796986028
"2236",4,17.1,34,0,-0.368431492406526
"2189",5,15.9,42.1,0,-0.0469247673441043
"4282",6,46,42.1,1,-0.251519956020191
"3905",7,25.1,26.1,0,-1.77136992904255
"442",1,11.1,30,0,0.800683871456824
"1215",2,13,39.2,0,-0.309975724213358
"580",3,11.1,46.9,0,-0.485343028792861
"689",4,11.1,51.1,1,-1.06990071072454
"3924",5,25.1,53.6,1,0.0992146531388144
"3272",6,20,53.1,0,0.303809841814901
"2204",7,15.9,35.1,0,-0.426887260599693
"1274",1,14,50,0,-0.251519956020191
"2151",2,15.9,51.8,1,-0.163836303730439
"3465",3,21,51.1,0,-0.368431492406526
"2551",4,18.1,50,0,0.508405030490987
"964",5,12,51.1,0,1.00527906013291
"2212",6,15.9,53.1,0,-1.39140743578696
"2210",7,15.9,53.1,0,-1.62523050855963
"3335",1,21,43,0,0.596088682780738
"2785",2,18.1,35.1,0,0.128442537235398
"3246",3,20,44.1,0,-0.193064187827023
"3468",4,21,53.1,0,-0.514570912889444
"4200",5,32.1,57,0,-0.163836303730439
"4021",6,27,57,0,-1.39140743578696
"4046",7,27,44.1,0,-1.15758436301429
"3856",1,25.1,50,0,-2.64820645194006
"2794",2,18.1,51.1,1,-1.18681224711087
"3497",3,22,52,0,-0.923761290241617
"2568",4,18.1,52,0,-1.80059781313913
"2497",5,17.1,44.1,0,-0.982217058434784
"3446",6,21,44.1,0,-1.09912859482112
"3824",7,24.1,42.1,0,-1.18681224711087
"3713",1,22.9,42.1,0,-0.193064187827023
"3024",2,19,42.1,0,-1.06990071072454
"2541",3,18.1,46,0,-1.1283564789177
"3081",4,20,48,0,0.976051176036327
"3481",5,22,46,0,1.26833001700216
"2003",6,15.9,41,0,-0.748393985662114
"3466",7,21,51.1,1,-1.39140743578696
"3496",1,22,52,1,1.29755790109875
"4156",2,29.9,55,0,-0.748393985662114
"987",3,13,54,0,0.0407588849456469
"1351",4,14,45,0,-0.485343028792861
"578",5,11.1,46.9,0,1.29755790109875
"4038",6,27,57.9,1,-0.923761290241617
"4144",7,29.9,36,0,-0.309975724213358
"3487",1,22,48,0,0.771455987360241
"2213",2,15.9,53.1,0,0.303809841814901
"1290",3,14,54,1,0.771455987360241
"1363",4,14,55,0,-0.163836303730439
"1147",5,13,55.9,1,2.26207807628601
"2422",6,17.1,55.9,1,0.0699867690422307
"2654",7,18.1,61,1,-0.748393985662114
"3668",1,22.9,61,0,0.216126189525149
"2576",2,18.1,54,0,0.157670421331982
"2579",3,18.1,54,0,-0.339203608309942
"4107",4,28.9,50,1,-0.543798796986028
"2841",5,19,54,1,0.654544450973906
"1292",6,14,54,0,0.0992146531388144
"3302",7,21,52,0,-0.514570912889444
"3294",1,21,50,0,0.420721378201236
"2322",2,17.1,41,0,-0.368431492406526
"3070",3,20,46,0,0.0115310008490632
"3697",4,22.9,57.9,0,-0.105380535537272
"4089",5,28,57.9,1,0.157670421331982
"3880",6,25.1,57,0,-0.222292071923607
"983",7,13,52,0,-0.806849753855282
"2573",1,18.1,52,0,0.128442537235398
"990",2,13,54,0,-0.952989174338201
"3102",3,20,54,0,-0.923761290241617
"3147",4,20,55,0,-0.0469247673441043
"3945",5,26,55,1,1.70674827845092
"2713",6,18.1,55.9,1,0.245354073621733
"3215",7,20,57.9,0,0.0115310008490632
"2431",1,17.1,57.9,0,-0.0469247673441043
"2046",2,15.9,61,0,0.800683871456824
"1242",3,13,62.1,0,0.333037725911484
"1382",4,14,63,1,1.35601366929192
"2049",5,15.9,63,0,0.216126189525149
"2846",6,19,64,0,-0.0761526514406881
"3498",7,22,54,0,-1.27449589940062
"1953",1,15.9,54,0,-1.33295166759379
"4272",2,41,55.9,0,-0.836077637951866
"3691",3,22.9,55.9,0,-0.0761526514406881
"2106",4,15.9,55.9,0,-1.39140743578696
"1740",5,15,66,0,-0.251519956020191
"547",6,11.1,66,0,0.0115310008490632
"2421",7,17.1,55.9,0,-0.397659376503109
"531",1,11.1,57,0,-0.836077637951866
"1708",2,15,57,0,-1.18681224711087
"3163",3,20,61,0,0.859139639649992
"3355",4,21,61,0,1.85288769893384
"3307",5,21,54,0,2.23285019218943
"2843",6,19,54,0,1.06373482832608
"542",7,11.1,63,0,-0.193064187827023
"2371",1,17.1,63,0,-0.0761526514406881
"2423",2,17.1,55.9,0,-0.0761526514406881
"2364",3,17.1,61,1,-0.982217058434784
"1895",4,15,62.1,1,1.94057135122359
"434",5,9.9,62.1,0,2.34976172857576
"3886",6,25.1,61,0,0.245354073621733
"4150",7,29.9,54,0,-0.719166101565531
"4174",1,31.1,54,0,0.303809841814901
"4110",2,28.9,54,0,0.333037725911484
"3859",3,25.1,52,1,0.449949262297819
"3171",4,20,66,1,0.683772335070489
"479",5,11.1,72,1,1.3852415533885
"480",6,11.1,72,1,-0.222292071923607
"680",7,11.1,62.1,1,0.625316566877322
"1088",1,13,63,1,0.391493494104652
"2919",2,19,63,1,0.888367523746576
"2162",3,15.9,66.9,0,1.50215308977483
"2022",4,15.9,55,0,1.06373482832608
"1077",5,13,59,1,1.15141848061583
"3754",6,24.1,68,1,1.88211558303042
"470",7,11.1,68,0,1.00527906013291
"3434",1,21,66.9,1,1.44369732158167
"1550",2,14,66.9,0,-0.193064187827023
"1244",3,13,62.1,0,0.566860798684154
"541",4,11.1,63,0,0.742228103263657
"2471",5,17.1,66.9,1,0.888367523746576
"3015",6,19,66.9,1,0.245354073621733
"638",7,11.1,73.9,1,-0.0761526514406881
"1203",1,13,73.9,1,-0.865305522048449
"2764",2,18.1,82.9,0,2.02825500351334
"468",3,11.1,64,0,0.800683871456824
"606",4,11.1,69.1,1,0.946823291939743
"1502",5,14,69.1,0,1.03450694422949
"912",6,12,64.9,1,0.449949262297819
"1647",7,15,72,1,0.420721378201236
"287",1,9.9,77,0,0.771455987360241
"777",2,12,77,0,0.654544450973906
"2974",3,19,69.1,1,0.771455987360241
"3368",4,21,70,1,0.946823291939743
"1984",5,15.9,73,0,2.37898961267235
"1199",6,13,73.9,0,0.683772335070489
"923",7,12,73.9,1,-0.280747840116774
"1421",1,14,75,1,1.00527906013291
"1036",2,13,77,1,0.888367523746576
"2310",3,17.1,77,0,2.23285019218943
"1210",4,13,73.9,0,0.508405030490987
"2435",5,17.1,69.1,1,2.4666732649621
"2186",6,15.9,75.9,1,0.946823291939743
"2488",7,17.1,75.9,0,0.596088682780738
"1023",1,13,73,0,-0.105380535537272
"1987",2,15.9,73,0,0.946823291939743
"2383",3,17.1,70,0,-0.573026681082612
"2600",4,18.1,73,0,0.391493494104652
"757",5,12,73,0,2.05748288760993
"420",6,9.9,75.9,0,2.32053384447918
"423",7,9.9,75.9,1,1.70674827845092
"2397",1,17.1,75,0,0.537632914587571
"1114",2,13,75,0,0.303809841814901
"64",3,8,75,1,0.566860798684154
"1488",4,14,80.1,1,1.09296271242266
"1804",5,15,80.1,1,0.917595407843159
"2479",6,17.1,75.9,1,-0.251519956020191
"571",7,11.1,79,0,-1.01144494253137
"2116",1,15.9,80.1,0,-0.865305522048449
"1497",2,14,80.1,0,-0.0469247673441043
"2297",3,17.1,84,0,0.157670421331982
"1015",4,13,84,0,0.0115310008490632
"219",5,8.9,73.9,0,0.333037725911484
"2608",6,18.1,77,0,-0.748393985662114
"135",7,8.9,77,0,-1.01144494253137
"774",1,12,77,0,-0.163836303730439
"2311",2,17.1,77,0,-0.514570912889444
"1978",3,15.9,88,0,0.654544450973906
"268",4,9.9,88,1,-0.397659376503109
"570",5,11.1,79,1,0.800683871456824
"572",6,11.1,79,1,-0.222292071923607
"1053",7,13,81,1,-0.105380535537272
"790",1,12,81,1,0.537632914587571
"3241",2,20,82.9,0,0.216126189525149
"1323",3,14,88,0,0.157670421331982
"1655",4,15,88,1,0.362265610008068
"269",5,9.9,88,0,1.44369732158167
"1017",6,13,88,1,0.596088682780738
"1322",7,14,84,1,-0.573026681082612
"2476",1,17.1,82.9,0,-0.163836303730439
"2170",2,15.9,82.9,0,-0.251519956020191
"650",3,11.1,82.9,0,0.0699867690422307
"1222",4,13,82.9,0,0.391493494104652
"1417",5,14,90,1,0.742228103263657
"2393",6,17.1,90,0,0.625316566877322
"385",7,9.9,84.9,0,0.0992146531388144
"515",1,11.1,81,0,0.274581957718317
"1048",2,13,81,0,0.245354073621733
"1414",3,14,86,0,1.15141848061583
"1108",4,13,86,1,0.420721378201236
"1977",5,15.9,84,1,1.12219059651925
"915",6,12,84.9,1,0.829911755553408
"2757",7,18.1,84.9,0,-0.514570912889444
"3003",1,19,84.9,0,0.976051176036327
"2392",2,17.1,86,0,-0.0176968832475206
"1809",3,15,80.1,0,-0.660710333372363
"1155",4,13,80.1,0,0.0699867690422307
"325",5,9.9,75,0,1.94057135122359
"1669",6,15,77,0,0.654544450973906
"176",7,8.9,79,0,0.596088682780738
"568",1,11.1,79,0,-1.27449589940062
"2442",2,17.1,78.1,0,0.186898305428566
"2981",3,19,78.1,0,-0.689938217468947
"2937",4,19,79,0,-0.0469247673441043
"1558",5,14,82.9,0,0.0407588849456469
"523",6,11.1,81,1,0.742228103263657
"141",7,8.9,81,1,-0.368431492406526
"1052",1,13,81,1,-1.04067282662795
"178",2,8.9,79,1,-0.339203608309942
"1994",3,15.9,81,0,-1.56677474036646
"265",4,9.9,84,1,-0.222292071923607
"484",5,11.1,84,1,0.362265610008068
"1756",6,15,82,0,0.625316566877322
"551",7,11.1,82,0,-0.0176968832475206
"892",1,12,78.1,0,-0.748393985662114
"834",2,12,82,1,-0.0469247673441043
"2169",3,15.9,82.9,1,0.245354073621733
"1556",4,14,82.9,0,0.508405030490987
"932",5,12,82.9,0,0.128442537235398
"91",6,8,75.9,0,0.420721378201236
"513",7,11.1,77,0,-0.982217058434784
"506",1,11.1,77,0,-0.894533406145033
"770",2,12,77,0,1.61906462616117
"2487",3,17.1,75.9,0,-0.689938217468947
"3022",4,19,75.9,0,0.479177146394403
"1819",5,15,78.1,0,2.32053384447918
"384",6,9.9,84.9,0,-0.368431492406526
"554",7,11.1,86,0,-0.719166101565531
"1109",1,13,86,0,0.859139639649992
"1225",2,13,75.9,1,1.18064636471241
"2863",3,19,77,0,0.683772335070489
"2861",4,19,77,0,1.41446943748508
"3589",5,22,73.9,0,1.91134346712701
"386",6,9.9,73.9,0,-0.660710333372363
"3184",7,20,79,0,0.303809841814901
"1434",1,14,79,0,0.274581957718317
"1519",2,14,78.1,0,0.0992146531388144
"65",3,8,75,0,1.47292520567825
"3409",4,21,78.1,0,-0.163836303730439
"3785",5,24.1,63,0,1.09296271242266
"4008",6,27,68,0,0.0699867690422307
"1986",7,15.9,73,0,-0.0176968832475206
"2466",1,17.1,73.9,0,-0.719166101565531
"564",2,11.1,75,0,-1.65445839265621
"2071",3,15.9,75,0,-0.0176968832475206
"2743",4,18.1,71.1,0,0.888367523746576
"999",5,13,68,0,1.26833001700216
"3017",6,19,66.9,0,1.26833001700216
"4091",7,28,64.9,0,-1.1283564789177
"3664",1,22.9,59,0,1.15141848061583
"3675",2,22.9,63,0,-0.426887260599693
"3866",3,25.1,68,1,-1.18681224711087
"1739",4,15,66,1,1.50215308977483
"724",5,12,68,1,1.12219059651925
"1004",6,13,68,0,0.596088682780738
"2916",7,19,63,0,-1.21604013120745
"1553",1,14,66.9,0,-2.00519300181522
"363",2,9.9,69.1,1,-0.193064187827023
"623",3,11.1,71.1,0,0.888367523746576
"2444",4,17.1,71.1,0,0.566860798684154
"4083",5,28,70,1,1.82365981483726
"165",6,8.9,70,1,-0.280747840116774
"313",7,9.9,70,1,-1.06990071072454
"1403",1,14,70,0,-0.631482449275779
"3679",2,22.9,70,0,-1.01144494253137
"3175",3,20,70,0,0.0407588849456469
"3451",4,21,62.1,0,0.420721378201236
"2454",5,17.1,64.9,0,1.47292520567825
"83",6,8,64.9,0,1.209874248809
"3001",7,19,64.9,0,-1.27449589940062
"1563",1,14,75.9,1,0.333037725911484
"1233",2,13,75.9,1,0.303809841814901
"934",3,12,75.9,1,-0.543798796986028
"2395",4,17.1,75,1,0.888367523746576
"3506",5,22,72,0,0.508405030490987
"1728",6,15,63,0,0.683772335070489
"15",7,7,66,1,0.157670421331982
"222",1,8.9,66.9,0,0.0407588849456469
"717",2,12,64,0,-0.163836303730439
"3016",3,19,66.9,0,1.09296271242266
"399",4,9.9,66.9,0,0.976051176036327
"609",5,11.1,69.1,1,0.0699867690422307
"1178",6,13,71.1,0,0.274581957718317
"1523",7,14,71.1,0,-1.53754685626988
"2139",1,15.9,71.1,0,-0.134608419633856
"3579",2,22,71.1,0,-1.56677474036646
"2777",3,18.1,60.1,0,-0.748393985662114
"2666",4,18.1,66,0,-0.543798796986028
"1815",5,15,69.1,0,0.742228103263657
"3971",6,26,69.1,0,-0.426887260599693
"2977",7,19,69.1,1,-1.39140743578696
"3237",1,20,64.9,0,-0.602254565179196
"29",2,8,50,0,0.391493494104652
"4129",3,28.9,64.9,0,0.537632914587571
"2998",4,19,64.9,0,0.157670421331982
"3611",5,22,51.1,0,0.0115310008490632
"3297",6,21,50,0,1.00527906013291
"3087",7,20,50,0,-1.04067282662795
"3684",1,22.9,46.9,0,0.625316566877322
"4064",2,28,52,0,0.625316566877322
"2425",3,17.1,55.9,0,0.362265610008068
"873",4,12,55.9,0,-2.73589010422981
"2721",5,18.1,57.9,0,-1.50831897217329
"3698",6,22.9,57.9,0,-1.09912859482112
"2038",7,15.9,59,0,-1.36217955169037
"3604",1,22,62.1,0,-0.894533406145033
"2656",2,18.1,61,0,-1.30372378349721
"3777",3,24.1,59,0,-0.163836303730439
"3829",4,24.1,60.1,0,0.186898305428566
"2265",5,17.1,52,0,0.391493494104652
"4120",6,28.9,59,0,-0.134608419633856
"3255",7,20,60.1,0,-0.865305522048449
"107",1,8.9,50,0,-0.456115144696277
"2034",2,15.9,57,0,0.976051176036327
"2032",3,15.9,57,0,0.391493494104652
"3636",4,22.9,54,1,0.0407588849456469
"3621",5,22.9,48,0,0.596088682780738
"3744",6,24.1,48,0,-0.923761290241617
"2883",7,19,45,0,-1.47909108807671
"3600",1,22,44.1,0,-0.0761526514406881
"2492",2,17.1,44.1,0,0.508405030490987
"4098",3,28,42.1,0,-0.689938217468947
"3742",4,24.1,48,0,1.47292520567825
"3838",5,24.1,53.1,0,2.58358480134843
"3930",6,26,46,1,-0.193064187827023
"1702",7,15,45,0,-1.27449589940062
"3140",1,20,45,0,-0.222292071923607
"3027",2,19,44.1,0,-0.543798796986028
"300",3,9.9,45,0,-0.485343028792861
"2559",4,18.1,50,0,0.157670421331982
"4245",5,35.9,57.9,0,0.771455987360241
"4264",6,39,39.9,0,-0.514570912889444
"3927",7,26,32,0,-3.02816894519565
"1604",1,15,36,0,-2.79434587242298
"2004",2,15.9,41,0,-2.09287665410497
"2091",3,15.9,48.9,0,-1.8590535813323
"711",4,12,52,0,-2.3851554950708
"530",5,11.1,55,0,0.420721378201236
"1625",6,15,54,1,-1.04067282662795
"2268",7,17.1,54,1,0.32655595943803
"1253",1,13,51.1,0,-1.83148965547847
"2528",2,17.1,53.6,1,-1.23724521079132
"1071",3,13,57,1,-0.424068602272057
"2515",4,17.1,51.1,1,-0.924484976745449
"2098",5,15.9,48.9,0,-0.955761000150036
"1454",6,14,48.9,0,-2.61339024059315
"2341",7,17.1,45,0,-2.39445807676104
"1269",1,14,46,0,-0.70555281291334
"1919",2,15.9,46,0,-0.39279257886747
"4095",3,28,42.1,0,-1.5187294214326
"2534",4,18.1,46,0,0.482936076460965
"3269",5,20,53.1,1,1.07718052114812
"3805",6,24.1,48.9,1,-0.517896672485818
"4251",7,36.9,48.9,0,-2.2380779597381
"4179",1,31.1,39,0,-1.48745339802801
"2884",2,19,45,0,-0.267688485249122
"1789",3,15,48.9,0,-0.205136438439948
"2099",4,15.9,48.9,0,1.04590449774353
"2812",5,19,48,0,-0.924484976745449
"1614",6,15,48,0,-1.08086509376838
"2005",7,15.9,43,0,-0.674276789508753
"2839",1,19,52,1,-0.330240532058296
"3305",2,21,52,0,-0.924484976745449
"2770",3,18.1,42.1,0,-0.267688485249122
"4146",4,29.9,52,0,-0.267688485249122
"3633",5,22.9,52,0,-0.924484976745449
"2250",6,17.1,50,0,-0.142584391630774
"2260",7,17.1,50,0,-1.55000544483719
"1597",1,14,51.1,1,-1.01831304695921
"2519",2,17.1,51.1,1,-0.111308368226187
"1355",3,14,45,0,-0.267688485249122
"976",4,13,36,0,-0.0487563214170135
"4178",5,31.1,39,0,1.32738870838481
"4104",6,28.9,16,0,-1.33107328100508
"2687",7,18.1,46.9,0,-1.80021363207388
"3797",1,24.1,46.9,1,-0.298964508653709
"4019",2,27,45,0,-0.205136438439948
"1460",3,14,48.9,0,-0.861932929936275
"1138",4,13,48.9,0,-0.830656906531688
"3521",5,22,55,1,1.01462847433894
"3522",6,22,55,0,-0.111308368226187
"1237",7,13,44.1,0,-1.73766158526471
"3445",1,21,44.1,0,-0.0174802980124266
"2817",2,19,48,0,-0.173860415035361
"2822",3,19,50,0,-0.0174802980124266
"1724",4,15,61,0,-0.0800323448216005
"3540",5,22,61,1,0.357831982842617
"4103",6,28,53.1,0,-0.39279257886747
"978",7,13,46,0,-0.736828836317927
"3266",1,20,51.1,1,-2.45701012357021
"3267",2,20,51.1,0,-1.20596918738673
"1578",3,14,44.1,0,-1.58128146824178
"2773",4,18.1,44.1,0,-1.55000544483719
"3984",5,26,44.1,0,0.138899819010508
"2990",6,19,28.9,0,-0.799380883127101
"3570",7,22,39.9,0,-1.01831304695921
"1465",1,14,39.9,0,-0.580448719294992
"2957",2,19,39.9,0,-1.14341714057756
"1704",3,15,45,0,1.42121677859857
"2995",4,19,48.2,1,-0.549172695890405
"3384",5,21,48.9,0,0.545488123270139
"4195",6,32.1,46,0,0.138899819010508
"3067",7,20,46,0,-0.0174802980124266
"3804",1,24.1,48.9,0,-0.236412461844535
"3562",2,22,48.9,0,0.264003912628856
"3983",3,26,44.1,0,-0.893208953340862
"3287",4,21,46,0,0.983352450934357
"1266",5,14,46,0,0.858248357316009
"4020",6,27,45,0,-0.611724742699579
"3943",7,26,43,0,-1.61255749164636
"2811",1,19,46,0,1.64014894243068
"4056",2,28,46,0,0.107623795605921
"4145",3,29.9,46,0,0.545488123270139
"3088",4,20,50,0,-0.455344625676644
"1935",5,15.9,50,0,0.545488123270139
"1139",6,13,48.9,0,-0.987037023554623
"3565",7,22,48.9,0,-0.517896672485818
"3244",1,20,44.1,0,0.701868240293074
"2096",2,15.9,48.9,0,-0.549172695890405
"709",3,12,50,0,-1.36234930440967
"2255",4,17.1,50,1,-0.111308368226187
"1938",5,15.9,50,1,-0.580448719294992
"3854",6,25.1,50,0,-1.20596918738673
"3301",7,21,52,1,0.608040170079313
"968",1,12,53.1,0,-0.0174802980124266
"1598",2,14,53.1,0,-0.580448719294992
"861",3,12,46.9,0,0.295279936033443
"3558",4,22,46.9,0,0.889524380720596
"1580",5,14,44.1,0,-0.267688485249122
"3749",6,24.1,52,1,0.420384029651791
"3629",7,22.9,52,1,-0.580448719294992
"2691",1,18.1,48.9,0,-0.142584391630774
"1627",2,15,54,0,1.17100859136188
"2888",3,19,55,0,0.357831982842617
"1475",4,14,55.9,1,-1.20596918738673
"2025",5,15.9,57,1,-1.70638556186012
"2896",6,19,57,0,-1.29979725760049
"980",7,13,48,0,-1.70638556186012
"1943",1,15.9,52,0,-1.45617737462343
"2635",2,18.1,55,0,-1.73766158526471
"3503",3,22,68,0,-0.955761000150036
"1638",4,15,68,0,-0.861932929936275
"1511",5,14,78.1,0,0.701868240293074
"807",6,12,61,1,-0.70555281291334
"1631",7,15,64,1,-1.33107328100508
"1637",1,15,64,1,-0.298964508653709
"2968",2,19,57.9,1,-0.861932929936275
"3217",3,20,57.9,0,0.264003912628856
"970",4,12,53.1,0,0.701868240293074
"2019",5,15.9,55,0,1.48376882540775
"2636",6,18.1,55,0,-0.205136438439948
"3099",7,20,54,0,0.138899819010508
"2345",1,17.1,57,1,1.17100859136188
"591",2,11.1,57.9,1,-0.236412461844535
"690",3,11.1,51.1,0,0.6393161934839
"110",4,8.9,54,0,-0.861932929936275
"353",5,9.9,57.9,0,1.26483666157564
"3398",6,21,57.9,0,1.95290917647655
"3769",7,24.1,55,1,0.608040170079313
"4090",1,28,57.9,1,-0.111308368226187
"3575",2,22,57.9,0,-0.643000766104166
"1485",3,14,57.9,0,-0.0800323448216005
"3293",4,21,50,0,0.701868240293074
"2566",5,18.1,52,0,1.13973256795729
"2587",6,18.1,68,0,2.54715362116371
"1641",7,15,68,0,0.826972333911422
"2123",1,15.9,69.1,0,1.1084565445527
"2129",2,15.9,69.1,0,1.04590449774353
"2372",3,17.1,63,0,0.0763477722013344
"2287",4,17.1,68,0,0.764420287102248
"1988",5,15.9,73,0,3.26650215946921
"1663",6,15,73,0,1.04590449774353
"3505",7,22,68,0,0.764420287102248
"2849",1,19,64,0,0.0137957253921604
"3317",2,21,64,0,0.670592216888487
"3786",3,24.1,63,0,2.04673724669031
"2891",4,19,57,0,1.73397701264444
"1076",5,13,59,0,1.51504484881234
"2503",6,17.1,62.1,0,1.1084565445527
"3590",7,22,66.9,1,0.576764146674726
"3238",1,20,66.9,0,0.670592216888487
"1583",2,14,60.1,0,0.170175842415095
"676",3,11.1,60.1,1,0.295279936033443
"3606",4,22,62.1,1,0.983352450934357
"720",5,12,64,0,0.983352450934357
"1003",6,13,68,0,1.1084565445527
"1964",7,15.9,68,0,0.0763477722013344
"3956",1,26,66,0,-0.455344625676644
"1477",2,14,57.9,0,0.670592216888487
"258",3,9.9,68,0,0.0450717487967474
"161",4,8.9,70,1,2.20311736371325
"55",5,8,70,1,1.48376882540775
"3976",6,26,66.9,1,-1.5187294214326
"3783",7,24.1,61,0,-0.267688485249122
"3427",1,21,57.2,0,-0.361516555462883
"1963",2,15.9,68,0,0.107623795605921
"2292",3,17.1,68,0,-0.173860415035361
"82",4,8,64.9,0,-0.987037023554623
"31",5,8,64,0,0.701868240293074
"474",6,11.1,68,1,0.826972333911422
"127",7,8.9,73,0,-0.424068602272057
"748",1,12,73,0,0.764420287102248
"1217",2,13,66.9,1,0.295279936033443
"1505",3,14,69.1,0,0.764420287102248
"3223",4,20,69.1,0,0.608040170079313
"641",5,11.1,73.9,0,1.42121677859857
"387",6,9.9,73.9,0,0.170175842415095
"1865",7,15,66.9,0,1.57759689562151
"1409",1,14,70,0,-0.111308368226187
"1404",2,14,70,0,0.482936076460965
"1539",3,14,64.9,0,0.107623795605921
"2755",4,18.1,64.9,0,-1.11214111717297
"162",5,8.9,70,1,-0.298964508653709
"500",6,11.1,73,1,0.6393161934839
"275",7,9.9,73,1,0.733144263697661
"496",1,11.1,73,1,0.733144263697661
"4111",2,28.9,73,0,0.232727889224269
"2856",3,19,72,1,-0.736828836317927
"259",4,9.9,72,0,-0.0800323448216005
"10",5,7,73,1,0.0450717487967474
"129",6,8.9,73,1,-1.08086509376838
"1319",7,14,72,1,-0.611724742699579
"2179",1,15.9,75.9,0,0.295279936033443
"663",2,11.1,75.9,1,-1.11214111717297
"175",3,8.9,75,1,0.420384029651791
"126",4,8.9,73,1,-0.0487563214170135
"491",5,11.1,73,1,0.138899819010508
"72",6,8,80.1,1,-0.611724742699579
"74",7,8,80.1,1,-0.70555281291334
"1877",1,15,75.9,1,-0.0174802980124266
"2401",2,17.1,79,1,0.357831982842617
"409",3,9.9,82.9,0,0.514212099865552
"933",4,12,82.9,1,0.576764146674726
"2307",5,17.1,77,0,0.232727889224269
"1226",6,13,75.9,0,-0.424068602272057
"1989",7,15.9,77,1,0.608040170079313
"2936",1,19,79,1,1.42121677859857
"330",2,9.9,79,1,-0.580448719294992
"1770",3,15,79,1,-1.14341714057756
"66",4,8,79,0,0.576764146674726
"907",5,12,71.6,1,1.82780508285821
"132",6,8.9,77,1,0.545488123270139
"787",7,12,81,1,-0.517896672485818
"566",1,11.1,75,0,-0.517896672485818
"368",2,9.9,78.1,0,1.13973256795729
"1767",3,15,79,0,0.138899819010508
"2700",4,18.1,78.8,0,-0.70555281291334
"1486",5,14,87.8,0,0.701868240293074
"1461",6,14,78.8,1,0.170175842415095
"3577",7,22,80.1,0,-0.267688485249122
"1439",1,14,79,0,-0.142584391630774
"858",2,12,79,0,0.514212099865552
"1568",3,14,75.9,0,-0.298964508653709
"846",4,12,75,0,-0.111308368226187
"635",5,11.1,73.9,0,0.232727889224269
"1038",6,13,77,0,-0.111308368226187
"881",7,12,80.1,0,0.107623795605921
"877",1,12,80.1,0,-0.611724742699579
"3507",2,22,77,0,-0.768104859722514
"2403",3,17.1,79,0,-0.142584391630774
"1441",4,14,79,0,0.826972333911422
"3124",5,20,77,0,0.295279936033443
"281",6,9.9,77,1,1.13973256795729
"1331",7,14,77,1,0.264003912628856
"1031",1,13,77,1,0.170175842415095
"1991",2,15.9,77,0,-0.330240532058296
"503",3,11.1,77,1,-0.111308368226187
"898",4,12,71.1,0,-1.95659374909682
"1764",5,15,75,0,0.983352450934357
"2398",6,17.1,75,0,0.264003912628856
"2175",7,15.9,75.9,0,-0.111308368226187
"761",1,12,77,0,-0.330240532058296
"3326",2,21,77,1,-1.0495890703638
"260",3,9.9,72,0,-1.33107328100508
"163",4,8.9,70,0,-0.893208953340862
"2744",5,18.1,71.1,0,-0.643000766104166
"2678",6,18.1,75,1,-0.361516555462883
"919",7,12,73.9,1,-0.486620649081231
"643",1,11.1,73.9,0,-0.987037023554623
"1316",2,14,72,1,-1.29979725760049
"1021",3,13,73,1,-0.236412461844535
"3867",4,25.1,73,0,1.45249280200316
"1405",5,14,70,0,0.764420287102248
"820",6,12,70,0,0.576764146674726
"1211",7,13,73.9,0,-0.173860415035361
"139",1,8.9,81,0,0.0137957253921604
"406",2,9.9,82.9,1,0.6393161934839
"404",3,9.9,82.9,0,0.858248357316009
"648",4,11.1,82.9,0,1.26483666157564
"1157",5,13,80.1,1,-0.142584391630774
"283",6,9.9,77,1,0.138899819010508
"43",7,8,77,1,-0.70555281291334
"63",1,8,75,1,0.889524380720596
"232",2,8.9,75.9,1,0.514212099865552
"417",3,9.9,75.9,1,-0.142584391630774
"93",4,8,75.9,1,1.26483666157564
"4167",5,29.9,75.9,0,0.264003912628856
"4188",6,31.1,69.1,0,0.764420287102248
"1521",7,14,71.1,0,-1.61255749164636
"3228",1,20,71.1,0,0.451660053056378
"2925",2,19,70,0,0.6393161934839
"1093",3,13,70,0,0.670592216888487
"3365",4,21,70,0,0.545488123270139
"1828",5,15,71.1,0,0.608040170079313
"3117",6,20,68,0,-0.236412461844535
"2918",7,19,63,0,0.451660053056378
"3502",1,22,64,0,-0.893208953340862
"3108",2,20,64,0,0.232727889224269
"2051",3,15.9,63,0,0.889524380720596
"1537",4,14,64.9,0,1.29611268498023
"1190",5,13,64.9,0,1.67142496583527
"3639",6,22.9,64,0,-0.517896672485818
"3705",7,22.9,64.9,0,-0.611724742699579
"3359",1,21,66,0,0.32655595943803
"1177",2,13,71.1,0,1.51504484881234
"171",3,8.9,75,0,0.608040170079313
"170",4,8.9,75,1,0.795696310506835
"828",5,12,70,1,1.32738870838481
"2384",6,17.1,70,0,0.170175842415095
"3820",7,24.1,64.9,0,-1.23724521079132
"3450",1,21,62.1,0,-2.17552591292893
"2456",2,17.1,64.9,0,0.545488123270139
"54",3,8,66,1,0.482936076460965
"84",4,8,64.9,0,0.295279936033443
"1840",5,15,64.9,0,1.45249280200316
"1378",6,14,61,0,0.545488123270139
"3542",7,22,61,0,0.6393161934839
"803",1,12,59,0,0.826972333911422
"153",2,8.9,59,0,0.264003912628856
"24",3,7,62.1,0,-0.39279257886747
"958",4,12,62.1,0,1.57759689562151
"1592",5,14,62.1,0,2.35949748073618
"3832",6,24.1,62.1,1,0.6393161934839
"4100",7,28,62.1,0,-0.0487563214170135
"2716",1,18.1,57.9,0,0.576764146674726
"1379",2,14,63,0,-0.0800323448216005
"2581",3,18.1,64,0,0.826972333911422
"1813",4,15,69.1,0,1.07718052114812
"884",5,12,69.1,0,0.482936076460965
"1395",6,14,70,0,2.82863783180499
"1394",7,14,70,0,-0.549172695890405
"1633",1,15,64,1,0.608040170079313
"3105",2,20,64,0,0.295279936033443
"2414",3,17.1,48.9,0,-0.236412461844535
"454",4,11.1,50,0,-1.01831304695921
"1904",5,15,53.1,0,0.983352450934357
"2780",6,18.1,60.1,0,-0.799380883127101
"538",7,11.1,61,0,-0.861932929936275
"1083",1,13,61,0,0.389108006247204
"2361",2,17.1,61,0,-0.830656906531688
"3537",3,22,61,0,0.0763477722013344
"1255",4,13,53.1,0,-0.70555281291334
"715",5,12,54,0,-1.48745339802801
"1945",6,15.9,54,0,1.01462847433894
"460",7,11.1,54,0,-0.987037023554623
"27",1,8,48,0,1.26483666157564
"1931",2,15.9,50,0,0.0450717487967474
"706",3,12,50,0,0.264003912628856
"3216",4,20,57.9,0,0.514212099865552
"1081",5,13,61,1,1.95290917647655
"3787",6,24.1,63,0,0.514212099865552
"2660",7,18.1,63,0,0.357831982842617
"2569",1,18.1,52,0,1.6088729190261
"701",2,12,46,0,2.98501794882792
"4257",3,38.1,55.9,1,0.95207642752977
"3395",4,21,55.9,0,-2.11297386611975
"2261",5,17.1,52,0,-1.33107328100508
"2792",6,18.1,51.1,0,-1.67510953845554
"1779",7,15,46.9,0,-1.73766158526471
"4147",1,29.9,54,0,0.0137957253921604
"3150",2,20,55,0,-1.11214111717297
"3137",3,20,43,0,-0.799380883127101
"2405",4,17.1,46.9,0,0.201451865819682
"2023",5,15.9,55,0,2.04673724669031
"1066",6,13,55,0,-0.111308368226187
"1628",7,15,54,1,-0.142584391630774
"1600",1,14,53.1,1,0.201451865819682
"2214",2,15.9,53.1,0,-0.142584391630774
"3145",3,20,45,0,-1.33107328100508
"1690",4,15,41,0,0.138899819010508
"97",5,8,44.1,0,0.357831982842617
"1281",6,14,50,0,0.264003912628856
"3212",7,20,55.9,1,-1.5187294214326
"4164",1,29.9,57.9,0,0.95207642752977
"2965",2,19,57.9,0,1.51504484881234
"3189",3,20,46.9,0,-0.0174802980124266
"2941",4,19,46.9,0,0.451660053056378
"3295",5,21,50,0,1.38994075519399
"2791",6,18.1,51.1,0,-0.799380883127101
"2523",7,17.1,53.1,0,-0.799380883127101
"4263",1,39,59,0,1.01462847433894
"3666",2,22.9,59,0,0.201451865819682
"3079",3,20,48,0,0.608040170079313
"3714",4,22.9,42.1,0,0.608040170079313
"2420",5,17.1,39.9,0,1.82780508285821
"96",6,8,42.1,0,-1.45617737462343
"185",7,8.9,46.9,0,-1.5187294214326
"969",1,12,53.1,0,-3.42656684911241
"589",2,11.1,55.9,1,-2.42573410016562
"20",3,7,55.9,1,-0.955761000150036
"3210",4,20,55.9,1,0.264003912628856
"3573",5,22,55.9,0,-0.0487563214170135
"2694",6,18.1,48.9,1,-1.14341714057756
"1456",7,14,48.9,0,-2.45701012357021
